{
  "train_losses": [
    0.8452391777161153,
    0.4964529966832957,
    0.4633735811129871,
    0.4345397112038373,
    0.4066503756582409,
    0.3874773981169837,
    0.3639100882419501,
    0.34654992756778535,
    0.3335078190633777,
    0.32711791917485716,
    0.2132001303426032,
    0.11249782446084623,
    0.08947717274897428,
    0.07448962113844781,
    0.06379231370571774,
    0.05434698922192286,
    0.045551249586644665,
    0.038312458203285375,
    0.03048231651899481,
    0.024049682819107934,
    0.02220480177812477,
    0.017174835631387348,
    0.012242758102210058,
    0.009973718855834557,
    0.008046014294529696,
    0.005114537701197597,
    0.003969225604740405,
    0.004232577711136013,
    0.003082016851892303,
    0.0027422096359980544
  ],
  "val_losses": [
    0.408480498493034,
    0.3157773312638495,
    0.2937858985597943,
    0.295034375193265,
    0.2550107570537038,
    0.26620014177896884,
    0.25987905272334383,
    0.24175116857286472,
    0.2275378932306022,
    0.22410526868518604,
    0.11542643945753775,
    0.11341625254609147,
    0.11215595705076313,
    0.10249049227339155,
    0.09859646433928658,
    0.1259971280360249,
    0.09154482092305817,
    0.09122842418557912,
    0.11511636676315505,
    0.09758892669107244,
    0.0910351155449831,
    0.09373934723526764,
    0.0901290785146299,
    0.09195553836367897,
    0.09200538082225558,
    0.09465467841400206,
    0.10194307386601119,
    0.09990091055483369,
    0.0995136245129239,
    0.09698672545027055
  ],
  "train_accs": [
    0.7857474414800734,
    0.8522358038062819,
    0.860745783691784,
    0.8673106253177427,
    0.8752680091067837,
    0.8800645432240667,
    0.8862978271921487,
    0.8892155345814637,
    0.8936141995092947,
    0.8952056762671029,
    0.9341747529895449,
    0.9638602152914392,
    0.9715744567980372,
    0.9750889679715302,
    0.9784266483941557,
    0.9826263787272607,
    0.9851241130832652,
    0.9873787051568268,
    0.9900532702636988,
    0.9922194469618266,
    0.9929046661214386,
    0.9945182467231052,
    0.9963970734510731,
    0.9969717733913928,
    0.9973917464247033,
    0.9985411463053425,
    0.9988948078070776,
    0.9987179770562101,
    0.9991379500895206,
    0.9993147808403882
  ],
  "val_accs": [
    0.8892819243013795,
    0.9115670321896003,
    0.9135125574814291,
    0.9168730102582243,
    0.9221789883268483,
    0.9191722674212947,
    0.9227095861337107,
    0.9255394411036434,
    0.930314821365405,
    0.9320834807216131,
    0.9637424831977361,
    0.9644499469402193,
    0.9662186062964273,
    0.9694021931376017,
    0.9722320481075345,
    0.9660417403608065,
    0.9741775733993633,
    0.9764768305624337,
    0.9695790590732225,
    0.9764768305624337,
    0.9766536964980544,
    0.9780686239830209,
    0.9780686239830209,
    0.9801910152104705,
    0.9812522108241952,
    0.981429076759816,
    0.9816059426954369,
    0.9819596745666784,
    0.9828440042447825,
    0.9819596745666784
  ]
}